open,high,low,close,volume,close_time
2141.6,2141.6,2140,2140.05,771555,1618101600
2140.05,2140.05,2140,2140.05,592775,1618101660
2140.05,2140.05,2139.4,2139.95,429605,1618101720
2139.95,2140,2138.25,2138.25,966572,1618101780
2138.25,2139,2138.25,2138.95,389321,1618101840
2138.95,2139.25,2138.95,2139.2,487649,1618101900
2139.2,2139.25,2139.2,2139.25,365480,1618101960
2139.25,2139.25,2136.15,2136.85,960383,1618102020
2136.85,2138.8,2136.8,2138.8,418368,1618102080
2138.8,2138.8,2137.3,2137.35,631474,1618102140
2137.35,2137.35,2137.3,2137.3,1131290,1618102200
2137.3,2137.35,2137.3,2137.3,1050246,1618102260
2137.3,2137.35,2137.3,2137.3,121760,1618102320
2137.3,2137.4,2137.3,2137.35,563222,1618102380
2137.35,2138.25,2137.35,2138.2,991292,1618102440
2138.2,2138.25,2137,2137,1204445,1618102500
2137,2137.05,2137,2137.05,601679,1618102560
2137.05,2137.05,2137,2137,311514,1618102620
2137,2137.05,2137,2137.05,247919,1618102680
2137.05,2137.05,2137,2137,17399,1618102740
2137,2137.05,2137,2137,345055,1618102800
2137,2137,2130.75,2132.55,4330075,1618102860
2132.55,2133.35,2130.95,2131.9,1761011,1618102920
2131.9,2132.25,2131.9,2132.25,995016,1618102980
2132.25,2133,2132.2,2132.95,657378,1618103040
2132.95,2135,2132.75,2132.75,1727817,1618103100
2132.75,2133.45,2132.75,2133.4,411035,1618103160
2133.4,2133.45,2132.7,2132.75,419852,1618103220
2132.75,2132.75,2132.7,2132.7,570534,1618103280
2132.7,2132.75,2132.2,2132.2,303635,1618103340
2132.2,2132.25,2128.55,2128.6,1441030,1618103400
2128.6,2130.5,2128.55,2130.45,609665,1618103460
2130.45,2132,2130.45,2132,955258,1618103520
2132,2132,2131.4,2131.4,249330,1618103580
2131.4,2132,2131.4,2132,125476,1618103640
2132,2132.15,2131.95,2132.1,109292,1618103700
2132.1,2134.8,2132.1,2134.8,536512,1618103760
2134.8,2134.8,2134.45,2134.5,1064622,1618103820
2134.5,2135,2134.45,2135,550091,1618103880
2135,2135.5,2134.95,2135.45,178315,1618103940
2135.45,2136.45,2135.45,2136.45,114583,1618104000
2136.45,2136.5,2136.45,2136.5,147142,1618104060
2136.5,2136.5,2136.45,2136.45,278910,1618104120
2136.45,2139.5,2136.45,2139.45,5551144,1618104180
2139.45,2139.5,2139.45,2139.45,394783,1618104240
2139.45,2139.5,2139.45,2139.5,45611,1618104300
2139.5,2139.7,2139.45,2139.65,559924,1618104360
2139.65,2141.85,2139.65,2141.85,546590,1618104420
2141.85,2141.85,2141.25,2141.25,1421518,1618104480
2141.25,2141.3,2140.55,2140.55,1287659,1618104540
2140.55,2140.6,2140.55,2140.55,500137,1618104600
2140.55,2140.6,2140.2,2140.25,823373,1618104660
2140.25,2140.25,2139.35,2139.35,774620,1618104720
2139.35,2139.4,2139.35,2139.35,218862,1618104780
2139.35,2143.25,2139.35,2143.25,523954,1618104840
2143.25,2148.6,2143.2,2147.85,2052717,1618104900
2147.85,2149,2147.85,2149,642359,1618104960
2149,2149,2146.2,2146.2,6209054,1618105020
2146.2,2146.65,2145.55,2145.95,763823,1618105080
2145.95,2146,2144.55,2144.55,496525,1618105140
2144.55,2144.55,2144.05,2144.1,225148,1618105200
2144.1,2144.1,2143,2143,741371,1618105260
2143,2143,2142.95,2142.95,286545,1618105320
2142.95,2143.35,2142.95,2143.35,464376,1618105380
2143.35,2143.35,2142.25,2142.25,398420,1618105440
2142.25,2143.35,2142.25,2143.3,239954,1618105500
2143.3,2143.35,2141.35,2141.35,826223,1618105560
2141.35,2142.6,2141.35,2142.6,228832,1618105620
2142.6,2146,2142.55,2146,166030,1618105680
2146,2146.1,2145.95,2146.1,93318,1618105740
2146.1,2146.1,2145.5,2145.55,652092,1618105800
2145.55,2145.55,2145.5,2145.55,131910,1618105860
2145.55,2146.1,2145.5,2146.1,128550,1618105920
2146.1,2147.95,2146.05,2147.95,292507,1618105980
2147.95,2152.9,2147.9,2152.6,4605014,1618106040
2152.6,2152.65,2151.5,2152.3,1110317,1618106100
2152.3,2152.65,2149.7,2150,1638492,1618106160
2150,2152.7,2150,2152.65,401303,1618106220
2152.65,2152.95,2152.65,2152.95,1249807,1618106280
2152.95,2154.2,2152.2,2152.2,1110764,1618106340
2152.2,2154.95,2152.2,2154.65,4362507,1618106400
2154.65,2155,2153.25,2154.75,2263400,1618106460
2154.75,2154.75,2152.95,2154.25,661137,1618106520
2154.25,2154.25,2151.5,2151.55,710717,1618106580
2151.55,2151.55,2150.15,2150.2,771823,1618106640
2150.2,2150.55,2150.15,2150.3,376913,1618106700
2150.3,2150.35,2150,2150,251850,1618106760
2150,2151,2150,2150.95,573011,1618106820
2150.95,2152.95,2150.95,2152.4,324463,1618106880
2152.4,2152.4,2150.6,2150.6,349964,1618106940
2150.6,2150.65,2150.35,2150.4,171119,1618107000
2150.4,2150.4,2149.55,2149.65,418488,1618107060
2149.65,2150.65,2149.6,2150.65,213452,1618107120
2150.65,2150.65,2150.6,2150.65,34057,1618107180
2150.65,2150.65,2150.6,2150.65,80357,1618107240
2150.65,2151,2150,2150.95,271630,1618107300
2150.95,2151,2149.6,2149.6,642524,1618107360
2149.6,2149.65,2148.7,2148.7,298379,1618107420
2148.7,2149.55,2148.7,2149.15,405191,1618107480
2149.15,2149.15,2146.7,2146.7,863305,1618107540
2146.7,2146.95,2146.4,2146.95,554945,1618107600
2146.95,2147,2146.55,2146.55,213365,1618107660
2146.55,2147.55,2146.55,2147.5,346894,1618107720
2147.5,2147.55,2147.5,2147.5,16570,1618107780
2147.5,2149.7,2147.5,2149.65,352134,1618107840
2149.65,2149.7,2146.95,2147,403483,1618107900
2147,2147.05,2146,2146,475407,1618107960
2146,2148.25,2146,2148.25,25522,1618108020
2148.25,2148.6,2148.25,2148.55,304218,1618108080
2148.55,2149.6,2148.55,2149.6,219944,1618108140
2149.6,2150,2149.55,2149.95,448250,1618108200
2149.95,2150,2149.95,2149.95,927648,1618108260
2149.95,2150,2148.55,2148.6,331865,1618108320
2148.6,2148.65,2148.5,2148.5,116605,1618108380
2148.5,2148.55,2147.8,2147.8,403820,1618108440
2147.8,2149.35,2147.8,2149.3,164897,1618108500
2149.3,2149.35,2147.15,2147.35,447033,1618108560
2147.35,2147.4,2147.35,2147.35,26385,1618108620
2147.35,2147.95,2147.35,2147.95,64770,1618108680
2147.95,2148,2147.95,2147.95,4584,1618108740
2147.95,2149.55,2147.95,2149.05,746966,1618108800
2149.05,2149.05,2149,2149.05,7998,1618108860
2149.05,2149.3,2149,2149.3,91137,1618108920
2149.3,2149.3,2148.55,2148.55,130479,1618108980
2148.55,2149.2,2148.55,2149.2,46888,1618109040
2149.2,2149.6,2149.2,2149.6,274363,1618109100
2149.6,2150.75,2149.55,2150.75,326492,1618109160
2150.75,2151.9,2150.7,2151.9,974734,1618109220
2151.9,2151.95,2150.05,2150.05,460596,1618109280
2150.05,2150.1,2150.05,2150.05,131116,1618109340
2150.05,2150.1,2149,2149,267541,1618109400
2149,2149.05,2149,2149.05,376895,1618109460
2149.05,2151.4,2149,2151.35,204723,1618109520
2151.35,2152.9,2151.35,2152.9,133238,1618109580
2152.9,2153,2152.15,2153,179339,1618109640
2153,2154.55,2152.95,2154.55,441480,1618109700
2154.55,2154.6,2153.2,2153.2,372706,1618109760
2153.2,2153.95,2151.3,2153.9,413761,1618109820
2153.9,2155,2153.7,2153.7,739281,1618109880
2153.7,2154.3,2153.4,2154.3,580062,1618109940
2154.3,2154.35,2154.3,2154.35,140241,1618110000
2154.35,2154.35,2153.7,2153.75,561207,1618110060
2153.75,2153.75,2153.15,2153.15,122600,1618110120
2153.15,2155,2152.7,2155,976656,1618110180
2155,2158.5,2155,2157.35,1594915,1618110240
2157.35,2158.5,2157.15,2157.55,513251,1618110300
2157.55,2158,2155,2155,364935,1618110360
2155,2155.05,2153.05,2153.1,439583,1618110420
2153.1,2153.1,2152.6,2152.85,177458,1618110480
2152.85,2153.9,2152.85,2153.9,383678,1618110540
2153.9,2153.9,2152.25,2152.25,215284,1618110600
2152.25,2152.25,2149,2149,1059646,1618110660
2149,2149.95,2148.65,2148.65,1097994,1618110720
2148.65,2149.5,2148.55,2148.55,276584,1618110780
2148.55,2148.55,2148.3,2148.3,599449,1618110840
2148.3,2150.8,2148.3,2149.15,228411,1618110900
2149.15,2151.9,2149.1,2151.15,305921,1618110960
2151.15,2153,2151.15,2152.45,515190,1618111020
2152.45,2152.65,2151.75,2151.75,361014,1618111080
2151.75,2151.75,2148.9,2148.9,505120,1618111140
2148.9,2150.9,2148.9,2150.9,100777,1618111200
2150.9,2150.95,2150.9,2150.9,281672,1618111260
2150.9,2150.95,2149.65,2149.65,227317,1618111320
2149.65,2149.7,2149.05,2149.1,288359,1618111380
2149.1,2149.1,2147.4,2147.75,500026,1618111440
2147.75,2148.9,2147.75,2148.9,440781,1618111500
2148.9,2150.4,2148.85,2150.4,357451,1618111560
2150.4,2150.4,2147.35,2147.35,1349993,1618111620
2147.35,2147.8,2147.35,2147.8,274783,1618111680
2147.8,2147.8,2147.75,2147.75,98350,1618111740
2147.75,2147.8,2147.75,2147.75,84745,1618111800
2147.75,2150,2147.75,2150,538858,1618111860
2150,2150,2149.7,2149.75,763591,1618111920
2149.75,2150,2147.6,2147.6,547220,1618111980
2147.6,2148.6,2147.5,2148.6,149314,1618112040
2148.6,2149.3,2148.6,2149.25,129367,1618112100
2149.25,2150,2149.25,2149.95,72860,1618112160
2149.95,2150,2149.95,2149.95,37925,1618112220
2149.95,2150.2,2149.95,2150.2,89903,1618112280
2150.2,2150.2,2150.15,2150.2,95192,1618112340
2150.2,2150.7,2150.15,2150.65,250189,1618112400
2150.65,2150.7,2150.65,2150.65,3692,1618112460
2150.65,2150.7,2150.65,2150.65,122564,1618112520
2150.65,2150.7,2150.65,2150.7,107308,1618112580
2150.7,2150.7,2149.45,2149.45,703363,1618112640
2149.45,2149.95,2149.45,2149.95,29030,1618112700
2149.95,2151.8,2149.95,2151.7,773267,1618112760
2151.7,2151.75,2150.05,2150.1,351071,1618112820
2150.1,2150.2,2150.1,2150.15,157719,1618112880
2150.15,2150.2,2150.1,2150.15,538948,1618112940
2150.15,2150.6,2150,2150.05,35120,1618113000
2150.05,2150.05,2149.85,2149.9,331258,1618113060
2149.9,2149.9,2147.25,2147.3,1453756,1618113120
2147.3,2147.3,2147.1,2147.1,610165,1618113180
2147.1,2147.15,2146.85,2146.85,1041285,1618113240
2146.85,2146.9,2146.85,2146.85,380971,1618113300
2146.85,2146.9,2146.35,2146.35,352674,1618113360
2146.35,2146.35,2146.1,2146.1,551306,1618113420
2146.1,2148,2146.1,2148,411124,1618113480
2148,2148,2147,2147,758356,1618113540
2147,2147.05,2146.3,2146.35,116653,1618113600
2146.35,2148.95,2146.3,2147.05,623309,1618113660
2147.05,2147.1,2141.65,2141.65,4384746,1618113720
2141.65,2141.7,2137.8,2138.4,7371319,1618113780
2138.4,2140.55,2138.4,2140.5,2274740,1618113840
2140.5,2144.05,2140.5,2143.3,2162315,1618113900
2143.3,2143.3,2142.1,2142.7,1130438,1618113960
2142.7,2142.75,2141.25,2141.3,789917,1618114020
2141.3,2141.3,2140.35,2141.1,415978,1618114080
2141.1,2142.45,2141.1,2142.4,738840,1618114140
2142.4,2142.45,2140.05,2140.1,388920,1618114200
2140.1,2140.1,2138.85,2139.6,1295893,1618114260
2139.6,2139.65,2139.6,2139.6,3016193,1618114320
2139.6,2140.95,2139.6,2140.95,463994,1618114380
2140.95,2140.95,2139.95,2140,250992,1618114440
2140,2140.65,2139.95,2140.65,268698,1618114500
2140.65,2140.65,2139.15,2140.1,320930,1618114560
2140.1,2142.65,2140.1,2142.6,285216,1618114620
2142.6,2142.65,2142.6,2142.65,240614,1618114680
2142.65,2144.3,2142.6,2143.75,205808,1618114740
2143.75,2143.8,2142.9,2142.95,264701,1618114800
2142.95,2142.95,2142.9,2142.95,57738,1618114860
2142.95,2143.3,2142.9,2143.25,130952,1618114920
2143.25,2143.3,2141.9,2142.8,1416664,1618114980
2142.8,2142.85,2141.8,2141.8,221477,1618115040
2141.8,2141.85,2139.55,2139.55,815268,1618115100
2139.55,2139.55,2137.95,2137.95,1714782,1618115160
2137.95,2138,2135,2136.15,2767604,1618115220
2136.15,2137.15,2136.15,2137.1,751363,1618115280
2137.1,2137.15,2134.95,2134.95,536382,1618115340
2134.95,2135,2134.9,2134.9,346357,1618115400
2134.9,2135.9,2134.65,2135.85,1268133,1618115460
2135.85,2137.9,2135.85,2137.9,251855,1618115520
2137.9,2138.9,2137.85,2138.9,87898,1618115580
2138.9,2138.9,2138.85,2138.9,73784,1618115640
2138.9,2139.6,2138.85,2139.55,210138,1618115700
2139.55,2142.5,2139.55,2142.45,301520,1618115760
2142.45,2142.5,2140.3,2140.3,203311,1618115820
2140.3,2140.35,2138.9,2138.95,754058,1618115880
2138.95,2140.95,2138.9,2140.9,545680,1618115940
2140.9,2140.95,2140.75,2140.75,244767,1618116000
2140.75,2140.8,2140.55,2140.6,207736,1618116060
2140.6,2140.6,2139.75,2139.75,167823,1618116120
2139.75,2139.8,2136.45,2136.5,347374,1618116180
2136.5,2136.5,2133.65,2134.6,1042085,1618116240
2134.6,2134.65,2129.75,2129.8,2603362,1618116300
2129.8,2130.8,2129.75,2130.8,435966,1618116360
2130.8,2134.1,2130.75,2134.1,4623377,1618116420
2134.1,2134.1,2130,2130.5,4607155,1618116480
2130.5,2131.35,2130.5,2131.35,912764,1618116540
2131.35,2131.35,2129.5,2130.55,1441430,1618116600
2130.55,2132.65,2130.5,2132.6,871336,1618116660
2132.6,2134.05,2132.6,2134,232865,1618116720
2134,2134.55,2134,2134.55,26055,1618116780
2134.55,2136.25,2134.5,2136.2,316136,1618116840
2136.2,2136.25,2134.55,2134.6,227277,1618116900
2134.6,2134.6,2132.2,2132.5,1320602,1618116960
2132.5,2133.55,2132.5,2133.55,730694,1618117020
2133.55,2133.55,2133.05,2133.05,328757,1618117080
2133.05,2133.55,2133.05,2133.55,254919,1618117140
2133.55,2133.55,2132,2132,338465,1618117200
2132,2132.05,2130.2,2130.85,435463,1618117260
2130.85,2133.3,2130.85,2133.3,2366431,1618117320
2133.3,2134,2133.3,2134,758777,1618117380
2134,2134,2133.95,2133.95,54470,1618117440
2133.95,2134,2133.95,2134,48657,1618117500
2134,2134,2133.95,2134,173419,1618117560
2134,2134.55,2133.95,2134.55,428628,1618117620
2134.55,2134.55,2134.5,2134.55,194415,1618117680
2134.55,2134.55,2134.5,2134.55,159303,1618117740
2134.55,2135.7,2134.5,2135.65,566062,1618117800
2135.65,2135.7,2135.65,2135.7,71958,1618117860
2135.7,2135.7,2133.85,2134,455591,1618117920
2134,2134,2133.95,2133.95,105485,1618117980
2133.95,2133.95,2128.9,2128.9,895740,1618118040
2128.9,2128.9,2126.2,2126.85,3702925,1618118100
2126.85,2127.2,2123.6,2127.2,12284431,1618118160
2127.2,2129.05,2127.15,2127.2,3992758,1618118220
2127.2,2127.25,2126.8,2127.2,752645,1618118280
2127.2,2129.85,2127.2,2129.8,148247,1618118340
2129.8,2131.5,2129.8,2130.3,1126781,1618118400
2130.3,2132.6,2130.3,2132.6,474555,1618118460
2132.6,2132.6,2132.05,2132.05,1259284,1618118520
2132.05,2132.45,2132.05,2132.45,174772,1618118580
2132.45,2132.45,2132.2,2132.25,740052,1618118640
2132.25,2132.25,2132.2,2132.2,24324,1618118700
2132.2,2132.35,2132.2,2132.35,197503,1618118760
2132.35,2133,2132.3,2133,1057529,1618118820
2133,2133.85,2130.8,2130.8,4569864,1618118880
2130.8,2130.85,2127.6,2127.6,3648843,1618118940
2127.6,2127.6,2125.5,2125.55,3930098,1618119000
2125.55,2126.1,2125.55,2126.05,458528,1618119060
2126.05,2128.9,2126.05,2128.85,691025,1618119120
2128.85,2128.9,2123.4,2123.45,2780956,1618119180
2123.45,2123.45,2121.8,2122.9,2391572,1618119240
2122.9,2122.9,2117,2117.05,3066117,1618119300
2117.05,2117.05,2115.05,2116.65,2572521,1618119360
2116.65,2118,2116.45,2118,1706258,1618119420
2118,2119.6,2117.95,2119.55,625477,1618119480
2119.55,2120.3,2119.55,2120.3,1380592,1618119540
2120.3,2120.3,2117.7,2119.2,739386,1618119600
2119.2,2120.85,2119.2,2120.85,792720,1618119660
2120.85,2128.6,2120.85,2126.35,2962338,1618119720
2126.35,2128.65,2126.3,2126.85,465625,1618119780
2126.85,2129,2126.4,2129,471437,1618119840
2129,2129,2126.05,2126.7,595773,1618119900
2126.7,2127.95,2126.2,2127.95,527437,1618119960
2127.95,2130.65,2127.9,2130.65,374392,1618120020
2130.65,2130.65,2129.6,2129.7,482245,1618120080
2129.7,2129.7,2129.65,2129.7,44277,1618120140
2129.7,2129.7,2128.7,2128.7,277936,1618120200
2128.7,2128.7,2127.05,2127.05,427776,1618120260
2127.05,2127.4,2127.05,2127.1,11583,1618120320
2127.1,2127.35,2125,2127.35,730982,1618120380
2127.35,2127.4,2126.85,2126.9,156292,1618120440
2126.9,2126.9,2125.25,2125.3,127796,1618120500
2125.3,2128,2125.25,2128,129918,1618120560
2128,2128,2126.2,2126.2,118542,1618120620
2126.2,2126.25,2124.3,2124.3,338169,1618120680
2124.3,2125.8,2123.8,2123.8,102393,1618120740
2123.8,2123.8,2121.4,2122.65,305952,1618120800
2122.65,2125.8,2122.6,2125.75,1416158,1618120860
2125.75,2126.05,2125,2125,159077,1618120920
2125,2125.05,2123.6,2124.9,372576,1618120980
2124.9,2125.05,2124.65,2124.7,176715,1618121040
2124.7,2124.7,2121.35,2121.35,465780,1618121100
2121.35,2123.5,2121.3,2123.35,652884,1618121160
2123.35,2123.35,2120.75,2120.8,393863,1618121220
2120.8,2120.8,2118.55,2118.8,548149,1618121280
2118.8,2118.8,2118.75,2118.8,148184,1618121340
2118.8,2118.8,2116.2,2116.45,1047743,1618121400
2116.45,2116.85,2113.4,2116.85,770589,1618121460
2116.85,2119.05,2116.1,2119,1364832,1618121520
2119,2119.55,2119,2119.5,488938,1618121580
2119.5,2120.45,2118,2118.35,972261,1618121640
2118.35,2118.4,2115.8,2115.9,1054562,1618121700
2115.9,2119.35,2115.25,2119.3,630255,1618121760
2119.3,2120.35,2119.3,2119.35,406877,1618121820
2119.35,2120.4,2119.3,2120.3,807663,1618121880
2120.3,2120.3,2119.85,2119.85,709644,1618121940
2119.85,2120.3,2119.8,2120.25,170714,1618122000
2120.25,2120.95,2120.25,2120.9,650326,1618122060
2120.9,2122.2,2120.9,2122.15,954105,1618122120
2122.15,2122.2,2121.4,2122.15,144780,1618122180
2122.15,2122.75,2122.15,2122.75,490220,1618122240
2122.75,2122.75,2121,2121.05,1250903,1618122300
2121.05,2121.1,2120.15,2120.2,122383,1618122360
2120.2,2120.8,2120.15,2120.75,377875,1618122420
2120.75,2121.85,2120.75,2121.85,62983,1618122480
2121.85,2121.85,2121.4,2121.45,70774,1618122540
2121.45,2121.45,2116.3,2117.15,592792,1618122600
2117.15,2119.2,2117.1,2119.15,675302,1618122660
2119.15,2120.7,2119.15,2120.7,212230,1618122720
2120.7,2123.1,2120.7,2123.1,371579,1618122780
2123.1,2123.55,2122.65,2122.7,404329,1618122840
2122.7,2123,2122.65,2123,159020,1618122900
2123,2123,2120.05,2120.05,225136,1618122960
2120.05,2120.05,2119.05,2119.1,167030,1618123020
2119.1,2122.4,2119.05,2122.4,777976,1618123080
2122.4,2123.55,2122.15,2123.55,141697,1618123140
2123.55,2124,2123.45,2123.95,182748,1618123200
2123.95,2124,2123.05,2123.05,276854,1618123260
2123.05,2123.05,2122.05,2122.15,740272,1618123320
2122.15,2123.9,2122.15,2123.9,370688,1618123380
2123.9,2124.9,2123.9,2124.9,1540755,1618123440
2124.9,2128.85,2124.85,2128.8,1318840,1618123500
2128.8,2129.3,2128.8,2129.3,1116007,1618123560
2129.3,2131.75,2129.3,2131.75,1208109,1618123620
2131.75,2135,2131.7,2134.95,1987765,1618123680
2134.95,2136.1,2134.95,2136.05,530512,1618123740
2136.05,2137.8,2136.05,2137.8,632343,1618123800
2137.8,2137.8,2134.75,2135.25,1285578,1618123860
2135.25,2135.25,2134.35,2134.4,427196,1618123920
2134.4,2134.4,2132.95,2133.45,230706,1618123980
2133.45,2133.45,2132.45,2132.45,115754,1618124040
2132.45,2132.45,2131.15,2131.45,264990,1618124100
2131.45,2133.55,2131.4,2131.45,557169,1618124160
2131.45,2131.45,2130.55,2130.55,168972,1618124220
2130.55,2131.35,2130.05,2130.6,544254,1618124280
2130.6,2130.65,2129.65,2129.7,351742,1618124340
2129.7,2129.7,2129.6,2129.65,31816,1618124400
2129.65,2131.65,2129.6,2130.05,433153,1618124460
2130.05,2130.05,2128.75,2128.75,434287,1618124520
2128.75,2128.8,2126.55,2126.55,736345,1618124580
2126.55,2129,2126.55,2127.8,229942,1618124640
2127.8,2127.8,2127.35,2127.35,26687,1618124700
2127.35,2127.4,2125.55,2125.6,520281,1618124760
2125.6,2128.65,2125.55,2128.65,346931,1618124820
2128.65,2128.65,2126.4,2126.45,62995,1618124880
2126.45,2126.45,2125.65,2125.9,30148,1618124940
2125.9,2127.55,2125.9,2127.55,113630,1618125000
2127.55,2127.55,2123.2,2123.25,752373,1618125060
2123.25,2124.75,2123.2,2123.4,54181,1618125120
2123.4,2123.4,2119.85,2121.15,2622104,1618125180
2121.15,2121.15,2120,2120.45,243839,1618125240
2120.45,2121.15,2120.4,2120.7,171170,1618125300
2120.7,2123.8,2120.7,2123.8,760381,1618125360
2123.8,2123.9,2122.5,2123.9,495022,1618125420
2123.9,2125,2123.85,2124,202586,1618125480
2124,2125.8,2124,2125.8,59393,1618125540
2125.8,2127,2125.75,2127,478371,1618125600
2127,2127.15,2127,2127.15,125911,1618125660
2127.15,2127.15,2125.5,2125.5,257901,1618125720
2125.5,2126.9,2125.5,2126.9,111893,1618125780
2126.9,2126.95,2126.9,2126.9,33881,1618125840
2126.9,2127.55,2126.9,2127.4,321036,1618125900
2127.4,2128.45,2126.9,2128.45,365088,1618125960
2128.45,2130.65,2128.4,2130.65,299407,1618126020
2130.65,2130.65,2129.75,2129.8,340397,1618126080
2129.8,2129.8,2129.75,2129.8,103467,1618126140
2129.8,2130.7,2129.75,2130.7,329926,1618126200
2130.7,2131.2,2130.55,2130.55,397417,1618126260
2130.55,2130.6,2127.7,2128.55,401510,1618126320
2128.55,2129.4,2128.55,2129.35,74654,1618126380
2129.35,2129.4,2127.05,2127.05,114201,1618126440
2127.05,2127.05,2126.3,2126.3,157995,1618126500
2126.3,2126.3,2125.6,2125.6,1185508,1618126560
2125.6,2126.25,2125.6,2126.25,128365,1618126620
2126.25,2128.45,2126.25,2128.45,295582,1618126680
2128.45,2128.9,2127,2127.05,320095,1618126740
2127.05,2127.05,2124.45,2124.6,386423,1618126800
2124.6,2125.65,2124.6,2125.6,52080,1618126860
2125.6,2127,2125.6,2127,199045,1618126920
2127,2128.4,2127,2128.35,98337,1618126980
2128.35,2128.4,2127.25,2127.25,97118,1618127040
2127.25,2128.55,2127.25,2128.5,89287,1618127100
2128.5,2130,2128.5,2130,240645,1618127160
2130,2130.45,2129.95,2130.4,171895,1618127220
2130.4,2130.45,2130.4,2130.4,24693,1618127280
2130.4,2130.45,2129.2,2129.25,320915,1618127340
2129.25,2131.2,2129.25,2131.15,161648,1618127400
2131.15,2131.15,2130.7,2130.75,65575,1618127460
2130.75,2130.75,2130.55,2130.55,45021,1618127520
2130.55,2130.6,2130.55,2130.6,65182,1618127580
2130.6,2130.6,2130.05,2130.05,67771,1618127640
2130.05,2130.1,2128.5,2128.6,349824,1618127700
2128.6,2128.6,2127.1,2128.35,620722,1618127760
2128.35,2130.7,2128.35,2129.2,291064,1618127820
2129.2,2130.7,2129.15,2130.65,174039,1618127880
2130.65,2132.5,2130.65,2132.45,337526,1618127940
2132.45,2132.5,2132.3,2132.3,622683,1618128000
2132.3,2135.7,2132.3,2135.7,4130766,1618128060
2135.7,2137.5,2134.4,2136.6,2561812,1618128120
2136.6,2137.85,2136.55,2137.85,1456781,1618128180
2137.85,2137.85,2135.7,2136,2055423,1618128240
2136,2137.85,2136,2137.85,323637,1618128300
2137.85,2137.85,2136.35,2136.35,360045,1618128360
2136.35,2140.45,2136.35,2140.45,1842185,1618128420
2140.45,2140.6,2140,2140.3,1964999,1618128480
2140.3,2140.3,2139.15,2140.15,797939,1618128540
2140.15,2140.6,2140.1,2140.55,331722,1618128600
2140.55,2140.6,2139,2139.65,569971,1618128660
2139.65,2139.7,2136.4,2137.75,869499,1618128720
2137.75,2137.9,2137.7,2137.9,353030,1618128780
2137.9,2137.95,2137.9,2137.9,64521,1618128840
2137.9,2137.95,2137.35,2137.4,2463198,1618128900
2137.4,2137.5,2137.35,2137.5,131772,1618128960
2137.5,2137.5,2137.45,2137.5,419520,1618129020
2137.5,2137.5,2137.45,2137.45,54199,1618129080
2137.45,2137.7,2137.45,2137.7,509846,1618129140
2137.7,2139.4,2137.7,2139.15,1746073,1618129200
2139.15,2140.1,2139.15,2140.1,1440852,1618129260
2140.1,2141.2,2140.05,2141.2,1941675,1618129320
2141.2,2142.8,2141.15,2142.8,2353064,1618129380
2142.8,2142.8,2141,2141.55,2461327,1618129440
2141.55,2142.2,2141.5,2142.2,374714,1618129500
2142.2,2142.65,2142.2,2142.65,347707,1618129560
2142.65,2142.65,2140.5,2140.55,1329116,1618129620
2140.55,2140.55,2139.75,2139.75,140353,1618129680
2139.75,2139.8,2139.75,2139.8,298837,1618129740
2139.8,2139.8,2138.9,2139.75,1630234,1618129800
2139.75,2140.85,2139.75,2140.85,2062347,1618129860
2140.85,2142.05,2140.85,2142.05,1194674,1618129920
2142.05,2142.05,2140.25,2140.3,620236,1618129980
2140.3,2141.75,2139.75,2141.7,2358260,1618130040
2141.7,2143.85,2141.7,2143.8,2050676,1618130100
2143.8,2143.85,2143.5,2143.5,186765,1618130160
2143.5,2143.55,2143.5,2143.5,103168,1618130220
2143.5,2143.55,2143,2143.05,301779,1618130280
2143.05,2143.05,2143,2143,90083,1618130340
2143,2143.05,2140,2140.05,1138517,1618130400
2140.05,2140.9,2140,2140.85,1046798,1618130460
2140.85,2141.05,2140,2140.2,376332,1618130520
2140.2,2140.6,2140.15,2140.6,2058256,1618130580
2140.6,2140.6,2140.55,2140.6,1247166,1618130640
2140.6,2140.6,2140.55,2140.55,181915,1618130700
2140.55,2142.05,2140.55,2142.05,1101402,1618130760
2142.05,2142.8,2142,2142.8,614877,1618130820
2142.8,2143.95,2142.75,2143.9,696737,1618130880
2143.9,2144.7,2143.9,2144.7,1176958,1618130940
2144.7,2144.9,2144.65,2144.9,435371,1618131000
2144.9,2144.9,2144.4,2144.4,1296762,1618131060
2144.4,2144.45,2144.4,2144.4,222955,1618131120
2144.4,2144.45,2143.65,2143.7,1488755,1618131180
2143.7,2143.7,2143.65,2143.7,536834,1618131240
2143.7,2145.8,2143.7,2145.75,595737,1618131300
2145.75,2147.95,2145.75,2145.85,3100193,1618131360
2145.85,2146.75,2145.8,2146.75,481587,1618131420
2146.75,2147.4,2145.75,2145.75,6286959,1618131480
2145.75,2145.8,2145.25,2145.25,3408706,1618131540
2145.25,2145.25,2144.2,2144.2,405329,1618131600
2144.2,2147.4,2144.2,2147.4,991165,1618131660
2147.4,2147.4,2146.45,2146.5,138096,1618131720
2146.5,2146.5,2144.4,2144.4,914808,1618131780
2144.4,2144.45,2140.55,2142.45,1173900,1618131840
2142.45,2142.6,2142.15,2142.2,716975,1618131900
2142.2,2143.05,2142.15,2143.05,491897,1618131960
2143.05,2143.05,2142.9,2142.9,117690,1618132020
2142.9,2142.9,2140.55,2140.55,408216,1618132080
2140.55,2140.6,2140.5,2140.5,261961,1618132140
2140.5,2140.55,2138.7,2138.95,407020,1618132200
2138.95,2139.05,2138.95,2139,368582,1618132260
2139,2139.05,2139,2139,65662,1618132320
2139,2139.05,2138.5,2138.55,358819,1618132380
2138.55,2138.55,2137.15,2137.15,2419999,1618132440
2137.15,2137.2,2135.75,2136.8,924130,1618132500
2136.8,2137.65,2136.75,2137.65,586472,1618132560
2137.65,2137.65,2133.3,2134.85,1145650,1618132620
2134.85,2136.6,2134.85,2136.6,400015,1618132680
2136.6,2136.6,2133.7,2133.8,1275837,1618132740
2133.8,2134.2,2133.25,2133.3,1694541,1618132800
2133.3,2133.3,2131.35,2131.35,1048491,1618132860
2131.35,2131.35,2129.15,2131.1,750376,1618132920
2131.1,2133.55,2131.1,2133.5,1398562,1618132980
2133.5,2133.75,2133,2133.05,346815,1618133040
2133.05,2133.3,2132.4,2133.25,246663,1618133100
2133.25,2133.65,2133.25,2133.65,142237,1618133160
2133.65,2134.8,2133.65,2134.75,393267,1618133220
2134.75,2137.25,2134.75,2137,739233,1618133280
2137,2137.65,2136.95,2137.65,422998,1618133340
2137.65,2137.65,2135.9,2136.1,324853,1618133400
2136.1,2137,2136.05,2136.1,164633,1618133460
2136.1,2136.15,2131.6,2131.65,418633,1618133520
2131.65,2132.5,2131.2,2132.5,1353743,1618133580
2132.5,2133.7,2131.3,2131.35,277577,1618133640
2131.35,2132.25,2130.4,2132.25,403410,1618133700
2132.25,2132.25,2129.15,2129.2,396138,1618133760
2129.2,2129.2,2126.9,2127,841888,1618133820
2127,2129.4,2127,2129.4,1012940,1618133880
2129.4,2130.3,2129.4,2130.25,150467,1618133940
2130.25,2130.75,2130.25,2130.75,367025,1618134000
2130.75,2130.85,2130.75,2130.85,111195,1618134060
2130.85,2130.85,2130.8,2130.85,60505,1618134120
2130.85,2133.3,2130.8,2133.25,663310,1618134180
2133.25,2134.45,2133.25,2134.45,270628,1618134240
2134.45,2134.45,2132,2132,374857,1618134300
2132,2133.8,2132,2133.75,191587,1618134360
2133.75,2134.5,2133.75,2134.5,675440,1618134420
2134.5,2134.5,2134.4,2134.45,144296,1618134480
2134.45,2134.5,2134.45,2134.45,77465,1618134540
2134.45,2134.5,2134.45,2134.5,46700,1618134600
2134.5,2134.8,2134.45,2134.8,420966,1618134660
2134.8,2135.35,2134.8,2135.35,156247,1618134720
2135.35,2136.8,2135.35,2136.8,3019364,1618134780
2136.8,2137.35,2135.4,2135.45,2165637,1618134840
2135.45,2137.3,2135.4,2137.3,176431,1618134900
2137.3,2138.4,2137.3,2138.35,508883,1618134960
2138.35,2138.65,2138.35,2138.65,362799,1618135020
2138.65,2138.65,2138.6,2138.6,249570,1618135080
2138.6,2138.65,2137.45,2137.45,689532,1618135140
2137.45,2139.7,2137.45,2139.65,432168,1618135200
2139.65,2141.9,2139.65,2141.9,1115868,1618135260
2141.9,2145,2141.9,2144.55,3116432,1618135320
2144.55,2144.6,2143.35,2143.35,927169,1618135380
2143.35,2143.4,2140.45,2140.9,1658013,1618135440
2140.9,2143.6,2140.85,2143.55,841131,1618135500
2143.55,2143.6,2142.7,2142.75,242451,1618135560
2142.75,2142.75,2141.7,2141.7,422475,1618135620
2141.7,2143.6,2140.3,2143.6,537053,1618135680
2143.6,2143.6,2143.55,2143.6,87498,1618135740
2143.6,2146.65,2143.55,2145.35,706865,1618135800
2145.35,2145.35,2144.8,2144.9,388955,1618135860
2144.9,2147.35,2144.85,2147.35,840487,1618135920
2147.35,2147.9,2147.3,2147.9,266698,1618135980
2147.9,2152.9,2147.85,2152.8,6593850,1618136040
2152.8,2157.8,2152.8,2157.8,1758428,1618136100
2157.8,2159.15,2157.75,2158.55,3408706,1618136160
2158.55,2163.1,2158.55,2162.9,3182544,1618136220
2162.9,2162.9,2162.25,2162.25,1206383,1618136280
2162.25,2162.9,2162.25,2162.85,712800,1618136340
2162.85,2162.9,2160.5,2160.5,2489898,1618136400
2160.5,2160.55,2157.75,2157.75,1777691,1618136460
2157.75,2157.8,2153.65,2153.65,2770993,1618136520
2153.65,2155.05,2153.65,2155,1012282,1618136580
2155,2155.05,2151.55,2151.75,2542321,1618136640
2151.75,2153.4,2151.7,2152.55,2510892,1618136700
2152.55,2153.45,2150.5,2150.6,2393014,1618136760
2150.6,2150.65,2147.65,2147.75,1312570,1618136820
2147.75,2148.45,2145.75,2147,2587654,1618136880
2147,2147.75,2143,2143.05,1400886,1618136940
2143.05,2143.85,2143,2143.5,1428101,1618137000
2143.5,2145.65,2143.5,2144.05,2513881,1618137060
2144.05,2144.45,2143,2143,713452,1618137120
2143,2144.2,2143,2144.2,161629,1618137180
2144.2,2146.4,2144.2,2146.4,452864,1618137240
2146.4,2146.4,2145,2145.35,1564836,1618137300
2145.35,2146.6,2145,2146.6,251090,1618137360
2146.6,2148.15,2146.55,2148.15,843142,1618137420
2148.15,2148.85,2148.15,2148.85,416846,1618137480
2148.85,2149.7,2148.8,2149.7,835232,1618137540
2149.7,2149.7,2149.65,2149.65,428766,1618137600
2149.65,2150.35,2149.65,2150.35,672456,1618137660
2150.35,2150.45,2147.15,2147.55,405659,1618137720
2147.55,2148.35,2147.1,2147.9,345556,1618137780
2147.9,2148.8,2147.25,2147.3,539561,1618137840
2147.3,2147.3,2143.5,2143.75,759833,1618137900
2143.75,2144.1,2141,2141.25,1092384,1618137960
2141.25,2143.95,2141.25,2143.9,688547,1618138020
2143.9,2145.65,2143.85,2145.65,238580,1618138080
2145.65,2145.65,2145,2145,230355,1618138140
2145,2146.8,2145,2146.8,661685,1618138200
2146.8,2146.8,2145,2145,77942,1618138260
2145,2145.05,2142.4,2142.4,92288,1618138320
2142.4,2142.4,2139.6,2139.65,1005613,1618138380
2139.65,2140.65,2139.6,2140.65,1001286,1618138440
2140.65,2140.65,2137.85,2138.45,713959,1618138500
2138.45,2138.55,2137.8,2138.4,670020,1618138560
2138.4,2141,2138.4,2140.95,637125,1618138620
2140.95,2141.05,2140.95,2141.05,215721,1618138680
2141.05,2141.65,2141,2141.65,251272,1618138740
2141.65,2141.65,2141.1,2141.35,66244,1618138800
2141.35,2145.25,2141.35,2145.25,852874,1618138860
2145.25,2145.6,2145.2,2145.55,112304,1618138920
2145.55,2149,2145.55,2149,885584,1618138980
2149,2149.65,2148.95,2149.6,532711,1618139040
2149.6,2151.95,2149.6,2151.95,760904,1618139100
2151.95,2152.45,2151.55,2152.45,1013208,1618139160
2152.45,2152.5,2152.4,2152.5,124196,1618139220
2152.5,2152.5,2151,2151.05,1095172,1618139280
2151.05,2151.05,2150.25,2150.25,718333,1618139340
2150.25,2150.45,2149.7,2150.15,829712,1618139400
2150.15,2150.45,2148.9,2148.9,609229,1618139460
2148.9,2148.95,2147.7,2147.7,525072,1618139520
2147.7,2148.35,2147.7,2148.3,43946,1618139580
2148.3,2148.35,2146.85,2146.85,234109,1618139640
2146.85,2146.85,2141.75,2141.8,1840312,1618139700
2141.8,2143.4,2141.15,2141.15,1484168,1618139760
2141.15,2141.2,2139.15,2139.15,1441349,1618139820
2139.15,2142.6,2138.55,2142.6,1252925,1618139880
2142.6,2144.4,2140.85,2140.9,1313588,1618139940
2140.9,2143.6,2140.85,2143.6,202587,1618140000
2143.6,2145.9,2143.55,2145.85,157114,1618140060
2145.85,2146.35,2145.8,2146.3,198744,1618140120
2146.3,2146.95,2146.3,2146.95,150749,1618140180
2146.95,2147,2145.45,2145.45,128873,1618140240
2145.45,2146.15,2144,2144.1,616420,1618140300
2144.1,2144.1,2141.5,2142.65,1391336,1618140360
2142.65,2143.15,2141.95,2143.15,493124,1618140420
2143.15,2145.95,2143.1,2144.05,543430,1618140480
2144.05,2145.85,2144,2145.8,97282,1618140540
2145.8,2146.45,2145.8,2146.45,316417,1618140600
2146.45,2148.05,2146.4,2147.5,274321,1618140660
2147.5,2148.2,2145.7,2145.7,657453,1618140720
2145.7,2148.4,2145.7,2148.35,253056,1618140780
2148.35,2150.35,2148.35,2150.35,247160,1618140840
2150.35,2151.6,2150.35,2151.55,170580,1618140900
2151.55,2152,2149.8,2152,742157,1618140960
2152,2152.5,2151,2151.1,483885,1618141020
2151.1,2151.1,2151.05,2151.05,443115,1618141080
2151.05,2151.1,2149.2,2149.25,413304,1618141140
2149.25,2149.25,2149.2,2149.25,74501,1618141200
2149.25,2150,2149.2,2149.95,474250,1618141260
2149.95,2150.95,2149.95,2149.95,338660,1618141320
2149.95,2150,2148.2,2148.8,521398,1618141380
2148.8,2148.85,2148.8,2148.85,739113,1618141440
2148.85,2150.75,2148.85,2150.7,372482,1618141500
2150.7,2151.85,2150.7,2151,1384235,1618141560
2151,2151.7,2149.85,2151.65,1336957,1618141620
2151.65,2151.7,2151.65,2151.7,379067,1618141680
2151.7,2151.7,2150.3,2150.35,218666,1618141740
2150.35,2150.35,2149.05,2150.3,319681,1618141800
2150.3,2152.55,2150.3,2151.9,465520,1618141860
2151.9,2151.95,2150.35,2150.4,262857,1618141920
2150.4,2150.4,2149,2149.05,153557,1618141980
2149.05,2149.95,2149,2149.9,186468,1618142040
2149.9,2151.5,2149.9,2151.5,288248,1618142100
2151.5,2151.5,2149.6,2149.95,906477,1618142160
2149.95,2150.85,2149.95,2150.05,296372,1618142220
2150.05,2150.05,2149.1,2149.1,476708,1618142280
2149.1,2149.1,2148.95,2149,127301,1618142340
2149,2149,2148.95,2149,349510,1618142400
2149,2152.35,2149,2152.35,1529687,1618142460
2152.35,2152.85,2152.3,2152.8,555940,1618142520
2152.8,2152.85,2149,2149,1151595,1618142580
2149,2149.5,2149,2149.5,208173,1618142640
2149.5,2149.5,2149.4,2149.45,235971,1618142700
2149.45,2150.6,2149.4,2150.6,631292,1618142760
2150.6,2152.9,2150.55,2152.85,388312,1618142820
2152.85,2153,2152,2153,595881,1618142880
2153,2153,2152.95,2153,152262,1618142940
2153,2153,2149.25,2149.3,947740,1618143000
2149.3,2149.3,2149.1,2149.25,231123,1618143060
2149.25,2149.3,2149.15,2149.15,168216,1618143120
2149.15,2149.2,2144.85,2145.55,1159352,1618143180
2145.55,2145.7,2145.55,2145.7,1112903,1618143240
2145.7,2145.7,2142.7,2142.75,906204,1618143300
2142.75,2144.3,2142.7,2143.85,1703537,1618143360
2143.85,2143.9,2142.45,2142.5,315590,1618143420
2142.5,2142.5,2141.45,2141.5,477227,1618143480
2141.5,2141.55,2141.5,2141.5,60600,1618143540
2141.5,2141.55,2141.15,2141.35,525668,1618143600
2141.35,2141.35,2140.2,2140.2,479967,1618143660
2140.2,2140.25,2139.5,2139.65,401358,1618143720
2139.65,2140,2138,2138.4,1368571,1618143780
2138.4,2140,2138.4,2140,1145588,1618143840
2140,2140.05,2139.6,2139.9,4957935,1618143900
2139.9,2139.9,2139.3,2139.3,383220,1618143960
2139.3,2139.85,2139.25,2139.85,290310,1618144020
2139.85,2139.85,2138,2138.05,960441,1618144080
2138.05,2138.3,2138,2138.3,241084,1618144140
2138.3,2139.45,2138.3,2139.45,1186266,1618144200
2139.45,2140.6,2139.4,2140.6,1150574,1618144260
2140.6,2140.7,2140.6,2140.65,508328,1618144320
2140.65,2143,2140.65,2142.85,1545783,1618144380
2142.85,2142.9,2142.8,2142.9,344641,1618144440
2142.9,2142.9,2142.85,2142.9,87375,1618144500
2142.9,2143.2,2142.85,2143.15,259098,1618144560
2143.15,2143.35,2143.15,2143.3,369267,1618144620
2143.3,2143.35,2141,2141.05,768496,1618144680
2141.05,2142.65,2141.05,2142.6,525779,1618144740
2142.6,2143.3,2142.6,2143.3,100055,1618144800
2143.3,2143.5,2143.3,2143.45,310054,1618144860
2143.45,2144.75,2143.45,2144.7,388848,1618144920
2144.7,2144.75,2144.7,2144.75,16002,1618144980
2144.75,2144.75,2144.7,2144.7,19380,1618145040
2144.7,2144.75,2144.7,2144.7,133667,1618145100
2144.7,2144.75,2144.7,2144.7,105468,1618145160
2144.7,2145.75,2144.7,2145.75,546234,1618145220
2145.75,2145.85,2145.7,2145.8,171370,1618145280
2145.8,2145.85,2145.8,2145.85,155319,1618145340
2145.85,2145.95,2145.8,2145.9,285778,1618145400
2145.9,2145.95,2145.7,2145.7,315924,1618145460
2145.7,2145.75,2145.7,2145.7,580756,1618145520
2145.7,2145.75,2144.65,2144.65,375348,1618145580
2144.65,2144.65,2143,2143.05,860366,1618145640
2143.05,2143.05,2141.4,2141.45,763665,1618145700
2141.45,2142.6,2141.4,2142.2,247096,1618145760
2142.2,2142.25,2142.2,2142.25,26762,1618145820
2142.25,2142.25,2142.2,2142.25,216051,1618145880
2142.25,2144.65,2142.2,2144.65,75345,1618145940
2144.65,2146.25,2144.65,2146.25,130131,1618146000
2146.25,2147.55,2146.2,2147.5,628585,1618146060
2147.5,2147.6,2147.5,2147.6,471542,1618146120
2147.6,2147.6,2147.55,2147.55,100335,1618146180
2147.55,2147.6,2147.55,2147.6,159791,1618146240
2147.6,2147.6,2145,2146,802611,1618146300
2146,2147.6,2146,2147.55,368682,1618146360
2147.55,2147.6,2146.05,2146.1,802880,1618146420
2146.1,2146.1,2146.05,2146.05,96265,1618146480
2146.05,2146.1,2144.2,2144.2,781059,1618146540
2144.2,2144.25,2141.4,2142.4,193497,1618146600
2142.4,2143.75,2142.4,2142.4,1448074,1618146660
2142.4,2142.45,2140.7,2141.35,422623,1618146720
2141.35,2141.75,2140.7,2141.45,789477,1618146780
2141.45,2141.45,2139,2141.3,642653,1618146840
2141.3,2142.2,2141.3,2141.8,659811,1618146900
2141.8,2143.05,2141.75,2143,652003,1618146960
2143,2143.95,2143,2143.95,356107,1618147020
2143.95,2145.75,2143.95,2145.75,187687,1618147080
2145.75,2145.75,2143.75,2143.8,601019,1618147140
2143.8,2145.1,2143.75,2144.8,428165,1618147200
2144.8,2144.8,2141.75,2142.4,338471,1618147260
2142.4,2143.65,2142.4,2143.65,176739,1618147320
2143.65,2143.65,2142.3,2142.3,51248,1618147380
2142.3,2142.8,2142.3,2142.8,287554,1618147440
2142.8,2144.2,2142.8,2144.2,525101,1618147500
2144.2,2145.3,2144.2,2145.25,362294,1618147560
2145.25,2145.3,2142.1,2142.15,1110991,1618147620
2142.15,2142.15,2141.3,2141.35,362525,1618147680
2141.35,2141.35,2141.3,2141.3,10783,1618147740
2141.3,2141.35,2132.25,2134.45,4757559,1618147800
2134.45,2135.9,2129.65,2131.65,6856541,1618147860
2131.65,2131.85,2129.05,2129.5,2518642,1618147920
2129.5,2132,2125.85,2126.95,12892459,1618147980
2126.95,2127.35,2122.45,2123.7,3574452,1618148040
2123.7,2127.05,2123.7,2126.15,2518647,1618148100
2126.15,2131.1,2126.1,2130.8,2466297,1618148160
2130.8,2130.8,2127.6,2128,4637819,1618148220
2128,2129.2,2127.95,2129.2,871853,1618148280
2129.2,2129.65,2127.15,2127.15,530837,1618148340
2127.15,2128.9,2127.15,2128.9,911924,1618148400
2128.9,2128.95,2128.85,2128.95,164093,1618148460
2128.95,2130,2128.9,2130,550627,1618148520
2130,2130.4,2130,2130.4,444561,1618148580
2130.4,2130.45,2130.3,2130.45,787434,1618148640
2130.45,2130.45,2130.4,2130.4,139470,1618148700
2130.4,2131,2130.4,2131,854346,1618148760
2131,2131.1,2129,2129,883676,1618148820
2129,2129.45,2128.65,2128.7,630529,1618148880
2128.7,2128.7,2125.15,2125.25,587744,1618148940
2125.25,2125.25,2122.15,2124.2,2080342,1618149000
2124.2,2125.05,2123.1,2125.05,1173261,1618149060
2125.05,2125.8,2121.3,2122.75,2007616,1618149120
2122.75,2123.9,2122.7,2123.9,2311834,1618149180
2123.9,2125,2123.9,2125,280385,1618149240
2125,2127.7,2125,2127.65,1830026,1618149300
2127.65,2128.7,2127.65,2127.85,2112589,1618149360
2127.85,2127.85,2126,2126.85,318594,1618149420
2126.85,2127.1,2126.8,2127.1,182069,1618149480
2127.1,2127.25,2127.05,2127.25,307309,1618149540
2127.25,2127.25,2126.05,2126.2,909970,1618149600
2126.2,2126.8,2124.05,2124.1,1196893,1618149660
2124.1,2128.75,2124.05,2128.75,633195,1618149720
2128.75,2130.5,2128.7,2130.45,429961,1618149780
2130.45,2130.45,2130.4,2130.4,130969,1618149840
2130.4,2131.9,2130.4,2131.9,504706,1618149900
2131.9,2132.4,2131.85,2132.4,481877,1618149960
2132.4,2132.4,2132.35,2132.35,23385,1618150020
2132.35,2134.45,2132.35,2134.05,882244,1618150080
2134.05,2134.4,2134,2134.4,343520,1618150140
2134.4,2136.15,2134.4,2135.2,1432230,1618150200
2135.2,2135.2,2134.1,2134.8,1313522,1618150260
2134.8,2134.85,2133.15,2133.15,406575,1618150320
2133.15,2135,2133.15,2135,327047,1618150380
2135,2135.95,2134.95,2135.9,92061,1618150440
2135.9,2135.95,2133.9,2134.75,2459680,1618150500
2134.75,2134.75,2131.85,2133.7,3118851,1618150560
2133.7,2134.45,2133.3,2134.15,535165,1618150620
2134.15,2134.15,2131.55,2131.6,171600,1618150680
2131.6,2132.3,2131.55,2132.25,113177,1618150740
2132.25,2132.65,2132.2,2132.6,492484,1618150800
2132.6,2133.35,2132.6,2133.25,267535,1618150860
2133.25,2134.5,2133.2,2134.5,233652,1618150920
2134.5,2136.35,2134.45,2136.35,4637567,1618150980
2136.35,2136.35,2136.3,2136.3,583393,1618151040
2136.3,2136.95,2136.3,2136.9,384819,1618151100
2136.9,2137,2136.9,2137,364511,1618151160
2137,2137.6,2136.95,2137.55,280329,1618151220
2137.55,2137.8,2137.55,2137.75,246953,1618151280
2137.75,2137.75,2137,2137.05,554423,1618151340
2137.05,2137.05,2135.8,2136.9,472633,1618151400
2136.9,2136.9,2136.85,2136.85,938548,1618151460
2136.85,2136.9,2136.85,2136.9,213987,1618151520
2136.9,2136.95,2136.9,2136.95,33256,1618151580
2136.95,2140.7,2136.95,2140.7,1077072,1618151640
2140.7,2142.15,2140.6,2142.1,951229,1618151700
2142.1,2143,2142.1,2143,389810,1618151760
2143,2143,2142.95,2142.95,490860,1618151820
2142.95,2143.5,2142.95,2143.45,206888,1618151880
2143.45,2143.5,2141.65,2141.65,928907,1618151940
2141.65,2142.15,2141.6,2142.15,323056,1618152000
2142.15,2142.15,2140.9,2140.9,1248786,1618152060
2140.9,2140.95,2139.95,2139.95,715077,1618152120
2139.95,2140,2139.9,2139.9,113521,1618152180
2139.9,2139.95,2139.85,2139.9,139870,1618152240
2139.9,2139.9,2139.65,2139.65,190746,1618152300
2139.65,2139.7,2139.65,2139.7,394137,1618152360
2139.7,2139.7,2139.2,2139.25,92379,1618152420
2139.25,2139.25,2139,2139,170400,1618152480
2139,2139.05,2139,2139.05,52722,1618152540
2139.05,2140.7,2139,2140.7,321071,1618152600
2140.7,2140.7,2140.65,2140.7,58155,1618152660
2140.7,2140.7,2140.55,2140.6,378479,1618152720
2140.6,2141.45,2140.55,2141.45,301206,1618152780
2141.45,2142.25,2141.4,2142.25,1002623,1618152840
2142.25,2142.25,2142.2,2142.2,42136,1618152900
2142.2,2142.25,2142.2,2142.25,90589,1618152960
2142.25,2142.25,2140.85,2140.85,402073,1618153020
2140.85,2140.9,2140.85,2140.85,45035,1618153080
2140.85,2140.9,2140.85,2140.9,139425,1618153140
2140.9,2142.85,2140.85,2142.85,476710,1618153200
2142.85,2145.6,2142.8,2145.6,2089015,1618153260
2145.6,2146,2145.35,2146,1548279,1618153320
2146,2147,2145.95,2146.95,695294,1618153380
2146.95,2148.9,2146.4,2147.75,1088092,1618153440
2147.75,2149.4,2147.75,2149,1173829,1618153500
2149,2149.05,2148.5,2148.55,409786,1618153560
2148.55,2148.55,2148.4,2148.5,324668,1618153620
2148.5,2151,2148.5,2150.95,759022,1618153680
2150.95,2151,2150.95,2151,311901,1618153740
2151,2151.1,2150.95,2151.05,1017800,1618153800
2151.05,2151.1,2151.05,2151.1,236540,1618153860
2151.1,2151.1,2151.05,2151.05,629075,1618153920
2151.05,2151.8,2151,2151.75,490381,1618153980
2151.75,2151.8,2149.2,2151,1351049,1618154040
2151,2151,2150.5,2150.55,333248,1618154100
2150.55,2150.55,2148.35,2148.35,1094557,1618154160
2148.35,2150.7,2148.35,2150.7,820896,1618154220
2150.7,2150.7,2149.9,2149.9,353710,1618154280
2149.9,2150.4,2149.05,2149.05,281958,1618154340
2149.05,2149.05,2148.35,2148.7,868265,1618154400
2148.7,2148.7,2148.65,2148.7,128995,1618154460
2148.7,2148.7,2146.75,2147.25,645370,1618154520
2147.25,2148.5,2147.25,2148.45,395461,1618154580
2148.45,2148.5,2148.45,2148.45,35641,1618154640
2148.45,2148.5,2148.45,2148.5,80280,1618154700
2148.5,2148.5,2148.45,2148.5,590399,1618154760
2148.5,2148.5,2148.45,2148.5,106518,1618154820
2148.5,2148.5,2148.35,2148.35,493494,1618154880
2148.35,2148.4,2148.35,2148.4,407591,1618154940
2148.4,2148.4,2147.7,2147.7,247142,1618155000
2147.7,2147.75,2147.05,2147.05,310495,1618155060
2147.05,2147.05,2146.2,2146.2,945646,1618155120
2146.2,2147,2146.2,2146.95,440087,1618155180
2146.95,2149,2146.95,2148.95,681311,1618155240
2148.95,2149,2147.65,2147.65,660058,1618155300
2147.65,2148.15,2147.65,2148.15,4753425,1618155360
2148.15,2148.15,2148.1,2148.1,188668,1618155420
2148.1,2148.15,2148.1,2148.1,86079,1618155480
2148.1,2148.15,2147.25,2147.3,1195492,1618155540
2147.3,2147.3,2144.15,2144.15,1192161,1618155600
2144.15,2145.55,2144.15,2145.5,481392,1618155660
2145.5,2147.5,2145.5,2147.4,417111,1618155720
2147.4,2147.45,2147.4,2147.4,186359,1618155780
2147.4,2149.05,2147.4,2149.05,334699,1618155840
2149.05,2149.05,2149,2149.05,239124,1618155900
2149.05,2149.05,2149,2149,89153,1618155960
2149,2149.05,2149,2149.05,199796,1618156020
2149.05,2149.05,2149,2149.05,218369,1618156080
2149.05,2154,2149.05,2153.85,2644512,1618156140
2153.85,2157.25,2153.85,2154.95,2224132,1618156200
2154.95,2156,2154.95,2155.95,605598,1618156260
2155.95,2156,2155.15,2155.2,1357062,1618156320
2155.2,2155.2,2153.05,2153.05,1295991,1618156380
2153.05,2155,2153.05,2155,511108,1618156440
2155,2155,2154.75,2154.8,395873,1618156500
2154.8,2154.8,2154.25,2154.25,810016,1618156560
2154.25,2154.3,2154.25,2154.3,149753,1618156620
2154.3,2154.3,2153.05,2153.05,840219,1618156680
2153.05,2153.1,2152.5,2152.5,642920,1618156740
2152.5,2152.55,2150.9,2150.9,1003921,1618156800
2150.9,2156.7,2150.9,2155.3,3177484,1618156860
2155.3,2155.3,2154.3,2154.3,961919,1618156920
2154.3,2155,2151.65,2151.7,1066874,1618156980
2151.7,2151.7,2148.55,2148.55,1497359,1618157040
2148.55,2150,2148.55,2149.05,675236,1618157100
2149.05,2149.1,2146.65,2147.3,2925297,1618157160
2147.3,2151.75,2147.3,2151.75,2034679,1618157220
2151.75,2152.7,2151.7,2152.7,586936,1618157280
2152.7,2153.9,2152.65,2153.9,865191,1618157340
2153.9,2154.05,2153.85,2154.05,260001,1618157400
2154.05,2156,2154.05,2155.75,491677,1618157460
2155.75,2156.85,2155.75,2156.85,333665,1618157520
2156.85,2157.65,2156.8,2157.6,896979,1618157580
2157.6,2158.05,2156.1,2157.5,986324,1618157640
2157.5,2157.5,2155.75,2155.75,442905,1618157700
2155.75,2155.8,2152.95,2153.15,816713,1618157760
2153.15,2153.15,2151.6,2151.9,431428,1618157820
2151.9,2153.3,2151.9,2152.1,547718,1618157880
2152.1,2152.8,2151.6,2152.8,568709,1618157940
2152.8,2155.6,2152.75,2155.6,885651,1618158000
2155.6,2156.65,2155.6,2156.6,229175,1618158060
2156.6,2157,2155.6,2155.65,845800,1618158120
2155.65,2155.65,2155,2155,409472,1618158180
2155,2155.05,2153.2,2153.45,371802,1618158240
2153.45,2154,2153.45,2154,316395,1618158300
2154,2154,2153.35,2153.35,221765,1618158360
2153.35,2153.4,2153.35,2153.35,315907,1618158420
2153.35,2153.4,2152.05,2152.6,633072,1618158480
2152.6,2152.6,2152.25,2152.25,188476,1618158540
2152.25,2153.2,2152.25,2153.2,415085,1618158600
2153.2,2153.2,2152.1,2152.1,295551,1618158660
2152.1,2152.15,2150.2,2150.45,1011549,1618158720
2150.45,2150.5,2150.45,2150.5,500322,1618158780
2150.5,2150.5,2149.15,2149.55,907853,1618158840
2149.55,2150.45,2149.55,2150.45,593588,1618158900
2150.45,2150.5,2150.45,2150.45,353093,1618158960
2150.45,2151,2150.45,2151,389190,1618159020
2151,2151,2150,2150,179464,1618159080
2150,2151.1,2150,2151.05,341556,1618159140
2151.05,2151.1,2149.3,2149.35,348404,1618159200
2149.35,2149.35,2147.1,2147.15,725497,1618159260
2147.15,2147.25,2142.15,2143.35,4675964,1618159320
2143.35,2145.9,2143.3,2145.85,1468038,1618159380
2145.85,2145.9,2143.45,2143.45,447893,1618159440
2143.45,2143.75,2141.45,2143.75,771046,1618159500
2143.75,2143.75,2142.7,2142.7,1424616,1618159560
2142.7,2142.85,2142.7,2142.8,329699,1618159620
2142.8,2143.4,2142.8,2143.35,149842,1618159680
2143.35,2143.55,2143.35,2143.55,125944,1618159740
2143.55,2143.7,2143.5,2143.7,162635,1618159800
2143.7,2143.7,2136.35,2138.55,4207014,1618159860
2138.55,2140.25,2138.55,2140.2,912674,1618159920
2140.2,2140.2,2139.35,2139.35,241706,1618159980
2139.35,2140.35,2139.35,2139.7,318618,1618160040
2139.7,2139.7,2136.35,2136.75,1525984,1618160100
2136.75,2136.75,2136.7,2136.75,742799,1618160160
2136.75,2137.85,2136,2137.85,1224241,1618160220
2137.85,2137.85,2137.8,2137.8,139155,1618160280
2137.8,2137.85,2136.9,2136.95,219957,1618160340
2136.95,2136.95,2136.75,2136.95,76163,1618160400
2136.95,2138.1,2136.9,2138.1,1438453,1618160460
2138.1,2138.1,2136.95,2136.95,369004,1618160520
2136.95,2137,2133.95,2134,2346208,1618160580
2134,2136.4,2134,2136.4,678664,1618160640
2136.4,2136.4,2133.5,2134.2,354007,1618160700
2134.2,2134.2,2133.75,2133.8,620680,1618160760
2133.8,2134.8,2133.75,2134.8,433672,1618160820
2134.8,2134.9,2133.85,2133.85,410399,1618160880
2133.85,2133.85,2133.35,2133.35,335226,1618160940
2133.35,2133.5,2133.35,2133.45,157167,1618161000
2133.45,2133.5,2133,2133,331691,1618161060
2133,2133.05,2132.4,2132.45,467351,1618161120
2132.45,2133.7,2132.4,2133.65,237873,1618161180
2133.65,2134.8,2133.65,2134.8,922183,1618161240
2134.8,2136.65,2134.75,2136.65,924695,1618161300
2136.65,2136.65,2135.6,2135.65,589108,1618161360
2135.65,2136.2,2135.5,2136.2,625137,1618161420
2136.2,2137.75,2136.15,2137.75,930050,1618161480
2137.75,2138,2137.7,2138,1507767,1618161540
2138,2138.35,2137.95,2138.35,807519,1618161600
2138.35,2138.5,2138.3,2138.45,488516,1618161660
2138.45,2138.65,2138.45,2138.65,403366,1618161720
2138.65,2141,2138.6,2141,5702759,1618161780
2141,2141.7,2140.95,2141.7,597391,1618161840
2141.7,2141.7,2141.65,2141.7,882756,1618161900
2141.7,2141.7,2141.65,2141.65,900236,1618161960
2141.65,2141.95,2141.65,2141.95,291116,1618162020
2141.95,2143.8,2141.9,2143.75,505848,1618162080
2143.75,2144.9,2143.75,2144.85,565254,1618162140
2144.85,2145.2,2144.85,2145.2,285446,1618162200
2145.2,2145.35,2144.9,2144.9,6589224,1618162260
2144.9,2147.15,2144.5,2147.1,6596326,1618162320
2147.1,2149.2,2147.1,2149.15,1003117,1618162380
2149.15,2150.05,2149.15,2150.05,721627,1618162440
2150.05,2150.6,2149.8,2149.8,755224,1618162500
2149.8,2151.8,2149.8,2150.75,1166375,1618162560
2150.75,2150.75,2148.25,2148.35,836553,1618162620
2148.35,2148.35,2147,2147.05,1124160,1618162680
2147.05,2149,2147,2148.95,415365,1618162740
2148.95,2149,2147.6,2147.6,333764,1618162800
2147.6,2147.65,2147,2147.5,726134,1618162860
2147.5,2147.5,2145.2,2146.95,1057071,1618162920
2146.95,2146.95,2146.4,2146.5,211652,1618162980
2146.5,2147.8,2146.45,2147.8,744037,1618163040
2147.8,2147.8,2147.5,2147.55,236587,1618163100
2147.55,2147.55,2146.45,2146.5,306862,1618163160
2146.5,2146.5,2146.45,2146.5,800665,1618163220
2146.5,2146.5,2146.45,2146.5,915716,1618163280
2146.5,2146.5,2145.2,2146.15,527778,1618163340
2146.15,2146.15,2145.2,2145.2,345320,1618163400
2145.2,2145.25,2145.2,2145.2,93329,1618163460
2145.2,2146.2,2145.2,2145.25,480690,1618163520
2145.25,2145.7,2143.95,2145.65,1546336,1618163580
2145.65,2146.45,2145.65,2146.4,75350,1618163640
2146.4,2147.5,2146.4,2147.5,168968,1618163700
2147.5,2147.5,2147.45,2147.5,138730,1618163760
2147.5,2147.75,2147.45,2147.75,586397,1618163820
2147.75,2150.4,2147.7,2150,1141022,1618163880
2150,2150,2149.25,2149.3,402690,1618163940
2149.3,2150.55,2149.25,2150.5,440034,1618164000
2150.5,2152.6,2150.5,2152.6,627927,1618164060
2152.6,2152.6,2152.55,2152.6,777853,1618164120
2152.6,2152.8,2152.55,2152.8,461259,1618164180
2152.8,2152.8,2150.45,2151.05,1479309,1618164240
2151.05,2151.05,2150,2150.1,896031,1618164300
2150.1,2150.15,2150.1,2150.15,702914,1618164360
2150.15,2150.15,2150.1,2150.1,112955,1618164420
2150.1,2150.15,2150.1,2150.1,849984,1618164480
2150.1,2150.15,2150,2150.05,123470,1618164540
2150.05,2150.05,2150,2150,213498,1618164600
2150,2151.7,2150,2151.35,336444,1618164660
2151.35,2151.35,2151,2151,292520,1618164720
2151,2151.05,2151,2151.05,73561,1618164780
2151.05,2151.8,2151,2151.8,187706,1618164840
2151.8,2151.8,2150.7,2150.7,732098,1618164900
2150.7,2150.75,2150.7,2150.7,122458,1618164960
2150.7,2150.75,2150.7,2150.7,410381,1618165020
2150.7,2151,2150.7,2151,115553,1618165080
2151,2151,2149.6,2149.6,231814,1618165140
2149.6,2149.65,2149.4,2149.45,379782,1618165200
2149.45,2150,2149.4,2150,48231,1618165260
2150,2150,2149.7,2149.7,48301,1618165320
2149.7,2150.15,2149.7,2150.15,333842,1618165380
2150.15,2150.2,2148.5,2148.55,695779,1618165440
2148.55,2148.55,2145.4,2145.45,7304932,1618165500
2145.45,2146,2145.4,2146,880303,1618165560
2146,2147,2145.95,2147,307569,1618165620
2147,2147.35,2146.95,2147,485459,1618165680
2147,2147.3,2147,2147.3,14768,1618165740
2147.3,2147.35,2147.3,2147.3,107685,1618165800
2147.3,2149,2147.3,2148.7,568795,1618165860
2148.7,2148.75,2148.7,2148.75,29583,1618165920
2148.75,2148.75,2148.7,2148.7,39955,1618165980
2148.7,2149.85,2148.7,2149.85,161203,1618166040
2149.85,2151.45,2149.85,2151.4,424742,1618166100
2151.4,2151.4,2151.35,2151.4,95827,1618166160
2151.4,2151.4,2150.7,2150.7,427926,1618166220
2150.7,2150.75,2150.7,2150.7,92027,1618166280
2150.7,2150.75,2150,2150,1155951,1618166340
2150,2150,2149.2,2149.4,218047,1618166400
2149.4,2149.4,2149.1,2149.1,140200,1618166460
2149.1,2149.1,2148.25,2148.25,101950,1618166520
2148.25,2148.3,2148.25,2148.25,70463,1618166580
2148.25,2148.3,2148.25,2148.3,81981,1618166640
2148.3,2149.6,2148.25,2149.6,384011,1618166700
2149.6,2150,2149.55,2150,321500,1618166760
2150,2151.6,2148.9,2151.6,6523608,1618166820
2151.6,2151.85,2151.55,2151.85,402060,1618166880
2151.85,2152.35,2150.8,2151.15,1014213,1618166940
2151.15,2152.25,2151.1,2152.2,391706,1618167000
2152.2,2152.65,2151.7,2151.75,1199585,1618167060
2151.75,2151.75,2151.55,2151.55,109971,1618167120
2151.55,2151.6,2151.55,2151.55,37548,1618167180
2151.55,2152.25,2151.55,2152.25,319421,1618167240
2152.25,2152.7,2152.2,2152.7,471538,1618167300
2152.7,2152.85,2152.65,2152.85,872406,1618167360
2152.85,2152.85,2150.95,2151.25,680635,1618167420
2151.25,2153.65,2151.2,2153.65,785949,1618167480
2153.65,2154.5,2153.25,2153.3,1542910,1618167540
2153.3,2153.3,2153.25,2153.25,153303,1618167600
2153.25,2153.3,2153.25,2153.25,471747,1618167660
2153.25,2153.3,2152.5,2152.55,425289,1618167720
2152.55,2152.55,2151.35,2151.5,692182,1618167780
2151.5,2151.85,2151.5,2151.85,1042491,1618167840
2151.85,2152.15,2151.85,2152.15,517604,1618167900
2152.15,2152.15,2152.1,2152.15,297305,1618167960
2152.15,2152.15,2152.1,2152.15,567587,1618168020
2152.15,2152.25,2152.15,2152.25,281958,1618168080
2152.25,2153.85,2152.2,2153.85,271171,1618168140
2153.85,2155.65,2153.85,2155.65,1654875,1618168200
2155.65,2155.65,2155.6,2155.65,408171,1618168260
2155.65,2156.8,2155.6,2156.8,1085952,1618168320
2156.8,2156.9,2156.8,2156.85,353902,1618168380
2156.85,2157,2156.85,2156.95,734896,1618168440
2156.95,2157.4,2156.95,2157.35,597078,1618168500
2157.35,2162.8,2157.35,2162.8,8585383,1618168560
2162.8,2167,2162.8,2167,5546874,1618168620
2167,2168.95,2166.85,2168.95,9030490,1618168680
2168.95,2169,2167.25,2167.35,3384334,1618168740
2167.35,2167.4,2165.45,2167.05,3208609,1618168800
2167.05,2169.15,2167,2169.15,1335174,1618168860
2169.15,2169.15,2165.4,2165.65,2652619,1618168920
2165.65,2165.65,2163.5,2165.05,2116959,1618168980
2165.05,2165.1,2161.35,2161.9,1247009,1618169040
2161.9,2162.7,2160.9,2160.95,1073055,1618169100
2160.95,2161,2157.75,2157.75,5314617,1618169160
2157.75,2159.05,2157.6,2157.65,1787073,1618169220
2157.65,2157.65,2146.7,2147,25068081,1618169280
2147,2150.6,2146.95,2149.05,2356383,1618169340
2149.05,2152.55,2147,2152.5,1164229,1618169400
2152.5,2152.55,2148.25,2148.5,1593235,1618169460
2148.5,2149.05,2145.05,2145.05,2195962,1618169520
2145.05,2146,2144.25,2145.65,1487146,1618169580
2145.65,2145.7,2140.95,2141,2509456,1618169640
2141,2141.25,2140.3,2140.45,1605958,1618169700
2140.45,2143.8,2140.4,2143.8,2146595,1618169760
2143.8,2145,2143.5,2144.3,2128222,1618169820
2144.3,2149.05,2144.3,2148.9,4133603,1618169880
2148.9,2152.65,2148.9,2152.45,1586857,1618169940
2152.45,2154.6,2152.4,2154.6,1308449,1618170000
2154.6,2156.2,2154.55,2155.9,1564067,1618170060
2155.9,2157.3,2155.85,2157.25,463941,1618170120
2157.25,2157.25,2157.2,2157.25,559205,1618170180
2157.25,2157.6,2156.3,2156.35,1044376,1618170240
2156.35,2156.4,2152.35,2152.65,3453871,1618170300
2152.65,2152.7,2150.1,2150.1,1256513,1618170360
2150.1,2150.15,2146.25,2146.25,1399010,1618170420
2146.25,2147.75,2146.25,2146.25,855120,1618170480
2146.25,2146.25,2145.75,2145.75,727915,1618170540
2145.75,2145.8,2143.1,2143.15,2536336,1618170600
2143.15,2143.15,2143,2143,897710,1618170660
2143,2144.25,2143,2144.25,1646715,1618170720
2144.25,2144.25,2143.05,2143.85,1020191,1618170780
2143.85,2143.9,2143.4,2143.6,605666,1618170840
2143.6,2145.25,2143.55,2145.25,1152238,1618170900
2145.25,2145.25,2145.2,2145.25,351648,1618170960
2145.25,2145.25,2145.2,2145.25,41778,1618171020
2145.25,2145.25,2143.4,2143.45,399761,1618171080
2143.45,2145.6,2143.4,2145.6,1086923,1618171140
2145.6,2145.6,2142.35,2142.85,1202310,1618171200
2142.85,2144.25,2140.25,2140.4,3469247,1618171260
2140.4,2142.3,2140.35,2142.3,2672434,1618171320
2142.3,2142.4,2142.25,2142.35,301867,1618171380
2142.35,2147.55,2142.3,2146.6,4837058,1618171440
2146.6,2146.6,2146.05,2146.25,2549244,1618171500
2146.25,2146.3,2144.65,2146,325915,1618171560
2146,2146.45,2145.8,2145.8,631273,1618171620
2145.8,2146.9,2145.65,2146.9,648140,1618171680
2146.9,2147.6,2146.9,2147.4,183368,1618171740
2147.4,2147.45,2146.5,2146.5,164039,1618171800
2146.5,2147.85,2145.95,2147.8,515702,1618171860
2147.8,2149.1,2146.75,2146.8,378196,1618171920
2146.8,2146.8,2145.6,2145.6,401715,1618171980
2145.6,2146.7,2145.6,2146.7,189986,1618172040
2146.7,2146.75,2145.2,2145.25,369338,1618172100
2145.25,2145.25,2143.6,2145.2,1350971,1618172160
2145.2,2147,2145.2,2147,41743,1618172220
2147,2148.25,2146.95,2148.25,277808,1618172280
2148.25,2148.3,2147.8,2147.8,65008,1618172340
2147.8,2150.75,2147.8,2150.7,254838,1618172400
2150.7,2150.7,2149.95,2149.95,1054002,1618172460
2149.95,2150.7,2149.25,2150.7,142145,1618172520
2150.7,2150.7,2149.1,2150,536000,1618172580
2150,2150,2149.95,2149.95,421497,1618172640
2149.95,2150,2149.95,2150,125966,1618172700
2150,2150,2149.95,2149.95,86175,1618172760
2149.95,2150,2148.6,2148.65,205222,1618172820
2148.65,2149.15,2148.6,2148.95,676804,1618172880
2148.95,2149.15,2148.6,2149.1,304977,1618172940
2149.1,2149.2,2148.7,2148.75,228412,1618173000
2148.75,2148.75,2148.6,2148.6,216388,1618173060
2148.6,2148.65,2147,2147.05,829739,1618173120
2147.05,2148.2,2147,2148.2,251876,1618173180
2148.2,2149.15,2148.15,2149.15,70124,1618173240
2149.15,2149.15,2149.05,2149.05,97605,1618173300
2149.05,2149.1,2148.9,2148.9,345289,1618173360
2148.9,2149.4,2148.9,2149.4,424889,1618173420
2149.4,2149.4,2148.55,2148.55,223026,1618173480
2148.55,2148.55,2146.5,2146.5,480847,1618173540
2146.5,2147.25,2146.5,2147.25,73139,1618173600
2147.25,2147.25,2146.75,2146.8,21595,1618173660
2146.8,2146.8,2146.65,2146.65,289707,1618173720
2146.65,2146.7,2146.65,2146.65,144048,1618173780
2146.65,2146.7,2145,2145.05,688721,1618173840
2145.05,2147,2145,2146.6,1043557,1618173900
2146.6,2146.6,2143.65,2143.7,306686,1618173960
2143.7,2143.7,2142.1,2142.35,1045126,1618174020
2142.35,2143,2142.1,2143,322200,1618174080
2143,2144.55,2142.95,2144.3,1380141,1618174140
2144.3,2146.65,2144.3,2144.7,695357,1618174200
2144.7,2144.7,2142.95,2142.95,279719,1618174260
2142.95,2143.45,2142.95,2143.4,203790,1618174320
2143.4,2144.15,2143.4,2144.15,101433,1618174380
2144.15,2144.15,2144.1,2144.1,996540,1618174440
2144.1,2145,2144.1,2144.95,183610,1618174500
2144.95,2145.5,2144.95,2145.5,496060,1618174560
2145.5,2145.5,2145.45,2145.45,19150,1618174620
2145.45,2146.5,2145.45,2146.45,224058,1618174680
2146.45,2146.45,2146.4,2146.4,164382,1618174740
2146.4,2147.9,2146.4,2147.9,463677,1618174800
2147.9,2147.9,2143.15,2143.15,1217878,1618174860
2143.15,2145.7,2143.1,2145.7,532067,1618174920
2145.7,2145.7,2145.65,2145.7,53119,1618174980
2145.7,2147,2145.65,2146.95,99757,1618175040
2146.95,2147,2146.95,2146.95,99063,1618175100
2146.95,2147,2146.95,2146.95,18312,1618175160
2146.95,2147,2146.95,2147,16372,1618175220
2147,2147,2146,2146,301872,1618175280
2146,2146.05,2143.7,2143.75,769087,1618175340
2143.75,2143.75,2137.5,2137.55,6849051,1618175400
2137.55,2140.8,2137.55,2140.75,1406290,1618175460
2140.75,2140.75,2140.7,2140.75,18789,1618175520
2140.75,2142.7,2140.7,2142.7,1394402,1618175580
2142.7,2142.8,2142.65,2142.8,157356,1618175640
2142.8,2142.85,2140.85,2140.95,4326874,1618175700
2140.95,2140.95,2140,2140.05,567220,1618175760
2140.05,2140.05,2140,2140.05,328210,1618175820
2140.05,2140.05,2139.45,2139.45,317819,1618175880
2139.45,2140.4,2139.45,2140.4,1663711,1618175940
2140.4,2140.75,2140.4,2140.7,772268,1618176000
2140.7,2141.85,2140.7,2141.8,2088422,1618176060
2141.8,2142.05,2141.8,2142,295084,1618176120
2142,2142.05,2140.9,2140.9,194420,1618176180
2140.9,2140.95,2140.9,2140.9,67602,1618176240
2140.9,2140.95,2140.55,2140.55,179012,1618176300
2140.55,2140.55,2137.9,2137.9,949858,1618176360
2137.9,2138.15,2137.9,2137.9,2111407,1618176420
2137.9,2137.95,2137.55,2137.6,716939,1618176480
2137.6,2137.6,2137.55,2137.6,86575,1618176540
2137.6,2137.6,2135.2,2135.25,7511673,1618176600
2135.25,2135.25,2128.9,2129.25,7149601,1618176660
2129.25,2131.3,2129.2,2131.2,2136442,1618176720
2131.2,2131.3,2131.15,2131.25,571002,1618176780
2131.25,2133.05,2131.25,2133.05,1103428,1618176840
2133.05,2136.3,2133,2136.3,1397678,1618176900
2136.3,2136.3,2134.45,2134.45,354259,1618176960
2134.45,2134.45,2133.55,2134.25,651942,1618177020
2134.25,2134.5,2134.2,2134.45,718029,1618177080
2134.45,2134.65,2134.45,2134.65,179024,1618177140
2134.65,2134.9,2134.65,2134.9,190623,1618177200
2134.9,2134.9,2134.85,2134.85,147362,1618177260
2134.85,2135.45,2134.85,2135.45,368846,1618177320
2135.45,2135.55,2135.45,2135.55,49431,1618177380